{"cameraMode":{"drawMode":0,"name":"Shaded","section":"Shading Mode"},"sceneLighting":false,"audioPlay":false,"sceneViewState":{"showFog":false,"showMaterialUpdate":false,"showSkybox":false,"showFlares":false,"showImageEffects":false,"showParticleSystems":false},"in2DMode":false,"pivot":{"x":2.9735021591186525,"y":13.3341646194458,"z":-24.40481185913086},"rotation":{"x":-0.23582592606544496,"y":-0.562321126461029,"z":0.17136801779270173,"w":-0.7738317847251892},"size":3.4246153831481935,"orthographic":false}