{"cameraMode":{"drawMode":0,"name":"Shaded","section":"Shading Mode"},"sceneLighting":false,"audioPlay":false,"sceneViewState":{"showFog":true,"showMaterialUpdate":false,"showSkybox":false,"showFlares":true,"showImageEffects":true,"showParticleSystems":true},"in2DMode":false,"pivot":{"x":40.401798248291019,"y":24.784332275390626,"z":16.445144653320314},"rotation":{"x":0.24198158085346223,"y":-0.6677305698394775,"z":0.24480003118515016,"w":0.6600469350814819},"size":15.509961128234864,"orthographic":false}