{"cameraMode":{"drawMode":0,"name":"Shaded","section":"Shading Mode"},"sceneLighting":false,"audioPlay":false,"sceneViewState":{"showFog":false,"showMaterialUpdate":false,"showSkybox":false,"showFlares":false,"showImageEffects":false,"showParticleSystems":false},"in2DMode":false,"pivot":{"x":628.4451293945313,"y":278.5316467285156,"z":821.5712280273438},"rotation":{"x":-0.2157658040523529,"y":0.3728996217250824,"z":-0.08960020542144776,"w":-0.897976815700531},"size":2452.41357421875,"orthographic":false}