{"cameraMode":{"drawMode":0,"name":"Shaded","section":"Shading Mode"},"sceneLighting":false,"audioPlay":false,"sceneViewState":{"showFog":false,"showMaterialUpdate":false,"showSkybox":false,"showFlares":false,"showImageEffects":false,"showParticleSystems":false},"in2DMode":false,"pivot":{"x":961.5465087890625,"y":546.18115234375,"z":-13.319311141967774},"rotation":{"x":-0.15730039775371552,"y":-0.6486102938652039,"z":0.13947400450706483,"w":-0.7315108180046082},"size":11.300898551940918,"orthographic":false}