{"cameraMode":{"drawMode":0,"name":"Shaded","section":"Shading Mode"},"sceneLighting":false,"audioPlay":false,"sceneViewState":{"showFog":false,"showMaterialUpdate":false,"showSkybox":false,"showFlares":false,"showImageEffects":false,"showParticleSystems":false},"in2DMode":false,"pivot":{"x":-317.7952575683594,"y":69.3870620727539,"z":9.619505882263184},"rotation":{"x":0.04664666950702667,"y":0.845379650592804,"z":-0.07484940439462662,"w":0.5268364548683167},"size":4.669823169708252,"orthographic":false}