{"cameraMode":{"drawMode":0,"name":"Shaded","section":"Shading Mode"},"sceneLighting":false,"audioPlay":false,"sceneViewState":{"showFog":true,"showMaterialUpdate":false,"showSkybox":false,"showFlares":true,"showImageEffects":true,"showParticleSystems":true},"in2DMode":false,"pivot":{"x":5.960464477539063e-8,"y":0.8463828563690186,"z":-0.05393040180206299},"rotation":{"x":-0.021238654851913453,"y":0.9770148396492004,"z":-0.17658571898937226,"w":-0.11750957369804383},"size":3.982867956161499,"orthographic":false}