{"cameraMode":{"drawMode":0,"name":"Shaded","section":"Shading Mode"},"sceneLighting":false,"audioPlay":false,"sceneViewState":{"showFog":true,"showMaterialUpdate":false,"showSkybox":false,"showFlares":true,"showImageEffects":true,"showParticleSystems":true},"in2DMode":false,"pivot":{"x":7.22762393951416,"y":4.820641040802002,"z":-5.076082229614258},"rotation":{"x":0.07879634201526642,"y":0.6985260844230652,"z":-0.07785649597644806,"w":0.7069594860076904},"size":32.744876861572269,"orthographic":false}